{
    "Concept": {
        "type": "concept",
        "id": 1,
        "text": "A single emotionally distinct concept universe, described in 1–3 sentences, capturing a charged emotional situation, a clear emotional arc, and minimal sensory or symbolic anchors. This is not a plot summary but a static emotional field."
    },
    "Seed": {
        "type": "seed",
        "id": 1,
        "from_concept_id": 1,
        "text": "A distilled emotional seed derived from a specific concept (referenced by from_concept_id), stripped down to only the essential emotional arc and indispensable anchors, with no backstory, narrative sequence, or explanatory commentary. This seed is the poem’s genetic origin and must later be copied unchanged into the poem’s seed field."
    },
    "Poem": {
        "type": "poem",
        "title": "A clear, final poem title in Title Case that reflects the emotional field and persona of this version of the poem.",
        "text": "A multi-line poem string with all line breaks and indentation preserved exactly.\\nEach line appears exactly as it should be printed, including any leading spaces.\\n    Indented lines must keep their spaces.\\nUse \\n for line breaks inside this JSON string.",
        "seed": {
            "type": "seed",
            "id": 1,
            "from_concept_id": 1,
            "text": "The exact Seed object from which this poem ultimately originates. Every revision of the poem must preserve this seed object unchanged, so that the poem’s provenance is always visible."
        },
        "version": 0
    },
    "ArchitectNotes": {
        "type": "architect_notes",
        "bullets": [
            "A concise bullet summarising one category of architectural change (for example, breaking long lines at emotional pivots while preserving wording).",
            "Another bullet describing a different category of structural adjustment (for example, introducing breath-gaps, blank-line pauses, or new stanza boundaries to clarify emotional chambers).",
            "Each bullet focuses on patterns of form (line breaks, spacing, indentation, stanza grouping), not on rewriting or replacing any words."
        ]
    },
    "EditorNotes": {
        "type": "editor_notes",
        "bullets": [
            "A concise, optional editorial suggestion focused on emotional logic, image resonance, or thematic sharpness, phrased as a possibility rather than a command, and without supplying replacement lines.",
            "Another suggestion that deepens resonance, questions a choice, or highlights a pressure point in the poem’s movement, without prescribing exact wording or layout operations.",
            "Suggestions should never provide line-level rewrites or mechanical instructions such as where to break lines, how many spaces to indent, or how to typeset a stanza; they should exert pressure, not dictate edits."
        ]
    },
    "Review": {
        "type": "review",
        "title": "A polished, publishable critical headline for the review of the poem, signalling its central tension or strategy.",
        "body": "A 300–500 word literary review of the final poem, written in a sophisticated, text-centered critical voice. The review situates the poem within broader artistic, stylistic, or philosophical contexts; analyzes how structure, breath, and imagery create meaning; and offers balanced, evidence-based evaluation without suggesting edits or revisions."
    },
    "MuseModel": {
        "type": "muse_model",
        "concepts": [
            {
                "type": "concept",
                "id": 1,
                "text": "A 1–3 sentence description of the FIRST emotionally distinct concept universe, with its own emotional arc and minimal sensory or symbolic anchors."
            },
            {
                "type": "concept",
                "id": 2,
                "text": "A 1–3 sentence description of the SECOND emotionally distinct concept universe, clearly different in emotional field and anchoring from the first."
            },
            {
                "type": "concept",
                "id": 3,
                "text": "A 1–3 sentence description of the THIRD emotionally distinct concept universe, again unique in its emotional arc and minimal anchoring details."
            }
        ]
    },
    "GardenerModel": {
        "type": "gardener_model",
        "seeds": [
            {
                "type": "seed",
                "id": 1,
                "from_concept_id": 1,
                "text": "A compact emotional seed derived from concept 1, expressed in a few sentences that preserve only the essential emotional arc and indispensable anchors, with no narrative sequencing or explanatory padding. This is the exact object that should later be copied into poem.seed."
            },
            {
                "type": "seed",
                "id": 2,
                "from_concept_id": 2,
                "text": "A distilled emotional seed derived from concept 2, focusing on its core emotional pressure and a minimal set of anchors, reduced to the barest useful brief for a poet."
            },
            {
                "type": "seed",
                "id": 3,
                "from_concept_id": 3,
                "text": "A minimal emotional seed derived from concept 3, keeping only the central emotional trajectory and a small number of key images or symbols necessary to recreate its field."
            }
        ]
    },
    "PoetModel": {
        "type": "poet_model",
        "poem": {
            "type": "poem",
            "title": "A final poem title in Title Case that accurately reflects the emotional field and persona of this particular version of the poem.",
            "text": "First line of the poem.\\nSecond line of the poem that continues or intensifies the emotional pressure.\\n    An indented line marking a turn, hesitation, or echo.\\nMore lines follow, all with exact spacing and line breaks preserved.\\nThe entire poem appears as one JSON string with \\n used for line breaks.",
            "seed": {
                "type": "seed",
                "id": 123,
                "from_concept_id": 456,
                "text": "The full Seed object chosen for this initial Poet pass. This seed must be copied unchanged into every future revision of this poem’s Poem.seed field, regardless of which agent is revising the poem."
            },
            "version": 0
        }
    },
    "ArchitectModel": {
        "type": "architect_model",
        "poem": {
            "type": "poem",
            "title": "The poem title associated with this architectural pass; wording is typically unchanged, though spacing or surrounding layout may be adjusted.",
            "text": "The revised poem text after the architect has adjusted line breaks, stanza breaks, blank lines, and indentation while preserving every original character.\\nEvery word remains identical to the previous version.\\n    Indented lines represent breath-weight and emotional pivots.\\nAll line breaks and spaces are preserved exactly as intended by the architect.",
            "seed": {
                "type": "seed",
                "id": 123,
                "from_concept_id": 456,
                "text": "The same Seed object that appeared in the previous version of this poem. The architect must never alter this seed; it is copied forward unchanged to preserve the poem’s origin."
            },
            "version": 2
        },
        "architect_notes": {
            "type": "architect_notes",
            "bullets": [
                "A bullet explaining one key architectural pattern applied in this pass (for example, breaking long lines at emotional pivots or contradictions).",
                "A bullet describing another structural strategy (for example, inserting blank-line pauses between emotional chambers to separate phases of tension).",
                "A bullet describing how indentation was used to signal breath-weight, hesitation, or fracture without altering wording.",
                "A bullet summarising how stanza or grouping adjustments clarified the poem’s emotional movements while maintaining the same text."
            ]
        }
    },
    "EditorModel": {
        "type": "editor_model",
        "poem": {
            "type": "poem",
            "title": "The poem title as evaluated by the editor; wording remains unchanged from the version under review.",
            "text": "The poem text exactly as received for editorial review.\\nNo wording is altered by the editor; this text is read-only from the editor’s perspective.\\n    Indentation and lineation reflect the current architecture at this stage.",
            "seed": {
                "type": "seed",
                "id": 123,
                "from_concept_id": 456,
                "text": "The same Seed object carried through all previous versions of this poem. The editor must not modify this seed; it anchors the poem’s provenance and persona."
            },
            "version": 3
        },
        "editor_notes": {
            "type": "editor_notes",
            "bullets": [
                "A specific, text-centered suggestion describing where emotional escalation could be sharpened, grounded in particular images or lines, without proposing exact replacement wording.",
                "A suggestion focusing on where thematic or tonal logic might tighten or spiral more intensely, referencing concrete parts of the poem while leaving the actual rewrite to the poet.",
                "A persona-aligned note that calls out possible drift in emotional physics, imagery range, or tonal gravity, and gently redirects attention back to the commanded persona without prescribing exact fixes."
            ]
        },
        "architect_notes": {
            "type": "architect_notes",
            "bullets": [
                "A bullet explaining one key architectural pattern applied in this pass (for example, breaking long lines at emotional pivots or contradictions).",
                "A bullet describing another structural strategy (for example, inserting blank-line pauses between emotional chambers to separate phases of tension).",
                "A bullet describing how indentation was used to signal breath-weight, hesitation, or fracture without altering wording.",
                "A bullet summarising how stanza or grouping adjustments clarified the poem’s emotional movements while maintaining the same text."
            ]
        }
    },
    "CriticModel": {
        "type": "critic_model",
        "review": {
            "type": "review",
            "title": "A critical headline that frames the poem’s central tension, strategy, or dominant image-field for a literary readership.",
            "body": "A fully-developed 300–500 word critical essay interpreting the poem using close reading and textual evidence. It situates the poem in relation to relevant traditions or stylistic lineages, examines how breath, lineation, and imagery enact meaning, and offers a cohesive, nuanced evaluation without requesting or implying revisions."
        }
    },
    "PublisherModel": {
        "type": "publisher_model",
        "file_path": "The absolute or workspace-relative file_path returned by the PrintPoemAndReviewTool AFTER successfully printing the poem and review."
    }
}